offer_id;price
3163;0
1;0
5028;0
5029;3422,3
4704;48929,4
4705;45349,2
4706;37486,8
5444;8010,6
5443;8010,6
4702;46261,8
4707;5826,6
4708;8002,8
4829;35981,4
4828;35981,4
4703;59670
4831;43227,6
4820;37447,8
4821;37065,6
4822;36223,2
4832;0
4833;37837,8
4823;36215,4
4667;43407
4817;43368
4824;39296,4
4830;44226
4825;36309
4834;38672,4
4826;31395
4827;32487
4818;42221,4
4819;41675,4
4835;8736
4836;9383,4
4837;9009
4419;388,6
650;114,6
5636;42,9
5637;15,6
4070;1,38
4105;1,9
3762;22
3761;22
717;20
718;20
2728;272,2
2729;460,2
703;54
5187;73
5263;57
704;4,09
4044;3,38
705;4,46
3101;0,48
4169;3,46
707;5,58
4045;4,66
708;6,13
4246;4,4
710;4,87
3751;4,6
711;5,8
3747;4,86
712;6,72
4109;96,7
3726;5,38
3102;10,68
713;3,35
5703;6,24
3752;6,12
714;3,59
5704;6,24
3768;8,1
740;121
733;39
3520;12
734;39
3521;13
735;45
736;53
737;57
738;60
739;82
741;46
3583;27
742;47
743;53
744;33
732;424,7
4478;157,2
4725;11,6
5264;23
4724;10,3
5265;21
2809;3,71
5267;250
2810;4,18
5266;265
657;1077,5
2730;1378
658;1183,3
2731;1454,5
659;1666,6
2732;1958,4
4195;3519,7
4196;3672,8
4197;5202,3
4198;421,8
5828;409,8
794;53,3
795;69,3
4481;101,3
797;38
798;191,6
799;176,2
2733;176,6
3103;51,8
2734;112
2735;118
803;99
3753;109
804;103
805;104
4108;108
2736;105
2737;100
2739;104
806;67
807;55,06
2738;73
809;133
810;144
3599;103
5585;120,2
5600;120,2
811;105
5586;99
5601;99
3076;112
5587;104,9
5602;104,9
3600;142,1
5581;133,2
5596;133,2
812;128
5582;109,8
5597;109,8
3077;138
5583;118,4
5598;118,4
3601;132
5604;184
5603;184
5567;197
813;197
3074;208
5584;133,7
5599;208
3602;129,6
5578;121,5
5593;121,5
814;128
5579;128
5594;128
3078;138
5580;133,2
5595;138
816;147
5572;129,6
5588;129,6
3438;152
5573;132,8
5589;132,8
817;171
5570;171
5568;109,8
3075;192
5571;192
5569;192
3603;148
5574;173,7
5590;173,7
818;152
5575;132,8
5591;132,8
3079;155
5577;135,9
5592;135,9
5157;57
4482;53
4483;56
5262;48
826;181
827;126,2
828;118
829;119
830;165
2740;174,2
832;258
831;207
4226;359,2
821;505
4511;0
4512;0
822;264
4484;0
820;351,3
792;234,7
793;259,2
4225;864,1
4563;1018,4
4479;0
4480;0
654;2670,2
655;2978,9
656;3040
771;18
772;29
773;62
774;65
775;86
785;181,8
786;236,4
787;440,1
788;787,5
790;163,7
789;163,7
791;163,7
2745;374,8
2746;376,6
720;174,6
721;282
2747;240
784;325
2748;566
5115;117
5116;71
4392;5952,3
4393;2649,2
646;234,2
647;317,9
648;567
649;132
723;35,4
724;52,4
725;71,4
726;86,8
727;115,6
728;169,5
759;34
760;15,8
761;11
762;145
763;145
764;136
765;420
766;448
767;63
3776;105
2749;28,8
768;109,4
769;63,9
770;0
5114;0
5261;98
4025;195
776;1,95
3105;0,23
777;2,08
3106;0,36
778;2,38
3107;1,07
2811;1,25
2812;1,6
2813;1,94
779;1,88
780;1,97
781;1,35
782;2,43
783;2,68
2814;1,47
3604;0,68
2815;1,93
3606;0,68
3605;2,29
3110;0,45
3754;3,57
3755;4,47
3756;8,93
3584;2,4
3585;3
3586;4,2
3587;5,4
3588;7,2
3589;9
2816;0,73
2750;12,8
2751;12,8
2817;0,85
2818;0,99
3777;18
722;242,4
5792;6,9
652;201,3
653;261,9
2752;677
2753;717,9
746;6,9
5796;6,9
747;13,8
5706;6,9
753;19
755;26,4
758;40,8
823;17,4
5635;10,3
824;4,5
3044;5,1
3045;5,1
3046;5,8
3047;6,4
3048;7,1
3049;7,7
3050;9
3057;11,6
3056;11,6
3055;12,8
3054;13,5
3053;14,1
3052;14,8
3051;15,4
663;31,95
3119;31,5
3757;30,35
3758;30,35
664;41,5
3759;43,22
665;70,46
5242;7249
666;23,6
3120;23,46
667;30,35
668;54,16
669;23,65
3121;20,93
670;29,41
671;52
672;19,86
673;25,56
675;11,75
676;20,56
677;27,98
678;12,9
679;17,63
680;29,39
682;14,55
683;19,86
681;32,58
3112;18,9
687;26,5
688;40,4
689;62,6
690;36,1
691;48,6
692;77,5
693;26,5
694;40,4
695;63,1
2754;31,3
2755;54,2
2756;71,4
2757;27,9
2758;42,4
2759;60,2
2760;27,9
2761;42,9
2762;60,2
702;1058,8
719;137,1
660;2667,2
4473;7042,1
4474;0
4475;0
4476;0
4477;0
3479;202
2764;19
4945;14,9
2765;7,7
4670;7,2
2766;21,1
4164;8,2
2767;23,6
2768;32,4
2769;8,7
2770;9,8
2771;11,3
2772;11,8
4943;9,6
2773;13,9
4944;11,3
2774;14,4
833;54,4
834;42,6
835;89,9
4486;0
4485;9,8
651;115,2
3607;8
3608;10
3609;12
4104;5
5638;18
5642;18
5153;413,08
5158;1352,4
5752;1652,5
5753;2478,8
5928;0
4764;0
4767;0
4762;9235
4765;8535
4763;9797
4766;9030
4761;0
4760;0
4756;12734
4757;11752
4758;13502
4759;12384
5922;6513
5914;6513
5923;7130
5915;7130
5920;5985
5492;6165
5921;6268
5493;6456
5643;91,2
4940;523,9
4941;357
4939;158,7
4938;650,7
4626;6212,8
4711;5067,7
4712;5647,7
4793;36
4794;0
4795;0
4710;5702
4625;4773,5
4709;5237,9
4800;4538
4948;3788
5544;3777
4946;3313
5542;3120
4947;3468
5543;3284
4798;4068
4799;4224
4951;3993
5547;4106
4803;5086
4949;3568
5545;3449
4950;3634
5546;3613
4801;4694
4802;4851
4806;4538
4954;3182
5550;3777
5122;3421
4955;3421
4952;2705
5548;3121
4953;3468
5549;3284
4804;4068
4805;4224
4779;8211
4776;7306
4777;6956
4774;6188
4778;7443
4775;6606
4785;8211
4787;7374
4786;0
4788;0
4789;5164,8
4790;6017
4791;3858,7
4792;4481
4813;1372
5556;1372
4814;1372
5554;1372
4815;1372
5555;1372
4809;1372
5553;1372
4816;1372
5557;1372
5924;1332
4810;1332
4811;1372
5558;1372
4807;1372
5551;1372
4812;1372
5559;1372
4808;1372
5552;1372
4773;12196
4770;10874
4771;10942
4768;9960
4772;11496
4769;10378
5485;13138
5484;12179
4747;16608
4733;15354
4745;15559
4731;14509
4746;16054
4732;14859
4737;9166
4783;8467
4738;10071
4784;9235
4750;11966
4741;10916
4748;10847
4739;9935
4749;11334
4740;10284
4734;14134
4780;12384
4735;14338
4781;12734
4736;15106
4782;13288
4753;12102
4744;11061
4754;12179
4755;11198
4751;10984
4742;10079
4752;11479
4743;10429
5916;7357
5489;7578
5917;7559
5490;7785
5918;10258
5487;10566
5919;10731
5488;11053
5814;89,6
5815;89,6
5816;149,1
4244;27,6
5319;0
5793;21076,5
5824;423,75
5825;508,5
5733;��.
1008;43,8
1009;67,9
1010;102,1
1011;218,7
1012;312,3
1013;440,1
5734;43430,4
5735;5807,1
5736;7316,4
5737;5194,8
5738; L-900��
837;37,8
838;50,6
839;64,5
840;87,2
841;156
842;230,2
843;93,9
844;132,9
845;195,5
846;278,8
847;382,8
848;571,5
849;114,6
850;171,4
851;245,1
852;316,8
2775;435,3
2776;696,7
853;149,3
854;207
855;292,3
5257;474,3
5258;691,4
5259;898
856;34,7
857;44,3
858;64,5
859;113,6
2777;60,7
2778;128,6
2779;183
5776;116
5777;176,2
5778;547,9
5779;135,8
5780;92
5781;143
5782;225,3
5783;92
5784;753,5
5785;95,3
5786;226,8
5787;321,2
5788;460,3
5789;790,6
5790;155
5791;225,8
892;138,7
893;204,2
894;365
2780;631,7
895;111,2
896;170
897;262,9
898;100,1
899;153
900;236,6
901;117,5
902;177,7
903;288,4
904;105,7
905;159,9
906;259,6
907;111,7
908;170
909;262,9
910;382,8
911;580,7
912;934,6
913;100,5
914;153
915;236,6
916;344,5
917;522,6
918;841,1
919;118,4
920;177,7
921;288,4
922;403,5
923;620,2
924;974,1
2781;825
2782;2475
925;106,6
926;159,9
927;259,6
931;111,2
932;162,3
2783;168
3071;275,4
3093;443,5
2784;87,2
2785;135,8
2786;218,6
934;140,1
935;209,5
936;352,9
2790;573,5
937;82,3
938;123,3
939;199,8
940;74,1
941;110,9
942;179,8
943;88,1
944;129,5
945;213,8
946;79,3
947;116,6
948;188,9
949;82,3
950;123,3
951;199,8
952;319,7
953;485,8
954;795
955;1618,3
956;2215,4
957;3642,5
958;74,1
959;110,9
960;179,8
961;287,7
962;437,3
963;715,5
964;88,6
965;137,2
966;213,8
967;347,2
968;520,5
969;795
970;79,7
971;123,5
972;192,4
973;312,4
974;408,6
975;715,5
976;131
977;200,8
978;285,5
979;43,7
980;168,5
981;257,1
982;400,6
983;152,2
984;225,3
985;378,9
5803;643,8
987;167,6
988;215,7
992;115,6
5804;155,5
993;136,7
994;216,7
995;142,5
996;242,7
997;168,5
998;277,3
989;191,2
990;233,5
2791;155
2792;225,8
2793;405,9
2794;160,8
2795;204,3
2796;361,8
2797;137,2
2798;203,2
2799;359,7
2800;155
2801;225,8
2802;405,9
1000;82,8
1001;218,3
1002;104
1003;86,7
1004;97,7
2803;105,4
1005;181
1006;267,7
1007;480,1
5639;81
5795;18349,5
5794;126030
5823;282,5
5298;8
5299;8
860;14
861;17,3
862;20,2
863;27,9
864;33,2
865;50,6
866;75,1
867;75,1
868;142
870;190,7
872;351
874;427,6
876;781
878;96,3
879;156
880;227,3
887;74,6
888;72,7
889;716
890;873
891;1060,3
881;95,8
882;157
883;178,2
884;93,98
885;202,1
886;280,7
2804;137,7
2805;164,7
2806;351
4325;2336,9
5659;37,2
4326;1284
4369;1416
4327;1284
4328;1796,1
4330;1543,9
4332;506,9
4331;587
5661;195,7
5660;195,7
5662;195,7
5705;465,01
4324;540,8
5664;1203,8
5442;38537,2
4329;1508,4
5658;175,7
5668;88,32
5663;164,7
5665;80,6
5666;80,6
5667;122,8
4366;4680
4360;4680
4365;4680
4363;4680
4323;4680
5150;4680
4361;5007,6
5151;5007,6
5149;5007,6
4364;��.
4368;5007,6
5152;5007,6
4362;4680
4367;4680
5656;4068,7
5657;4068,7
2639;1631,7
2640;585,5
2641;633,6
2642;567,2
2643;1280,2
4249;911
4389;1146,9
4269;304,3
4268;288,9
4271;570,6
4270;471,9
4267;441,1
4277;783,9
4254;696,2
4255;759,3
4272;834
4273;980,3
4275;548,9
4276;441,1
4253;895,6
4671;1638,1
4251;1331,8
4252;1825,4
4280;1065,1
4281;950
4288;759,3
4278;912,4
4279;773,8
4274;426,1
4287;500,8
4256;304,3
4257;418,4
4258;533
4259;655,3
4260;759,3
4261;212,3
4262;342,3
4263;478,6
4264;615,4
4265;745,8
4266;874,9
4284;1314
4285;1003
4286;2221,6
4282;980,3
4283;1332,3
4560;2363,7
4571;374,1
4569;761,3
5400;2096
4573;844,6
4566;1413,2
4570;1053
4572;955,8
4567;1856,2
5399;2866,9
4568;3477,9
4574;1122,4
5410;366,9
5406;1073,3
5407;2155,7
5412;847
5413;636,1
5404;1650,1
5405;1539,4
5409;988,5
5408;1228,8
5403;2146,5
5411;1045,3
5402;3770,1
5414;1666
5481;642,8
5482;1799,4
5483;714,5
2574;21,3
4156;21,3
2575;19,6
5904;0
4157;19,6
2576;33,8
4158;33,8
2577;78,6
2578;64,4
2579;72,6
2580;46,9
2581;68,4
3684;66
5844;201,5
3131;412,5
3134;280,5
3136;63,1
3137;79
3138;94,9
3139;112,5
3140;66
3142;99
3143;99
3145;157,5
3146;94,9
3148;110,7
3149;0
3154;81,56
3155;0
3157;110,7
2584;48,15
2535;156,49
4094;245,3
4095;215,23
2531;202,23
2532;202,23
2533;178,16
2534;183,45
2528;107,86
2529;112,67
4433;109
2525;129,04
2526;166,6
2527;187,79
2530;253,27
2518;261,45
5902;0
5913;0
2512;79,45
2523;96,78
4432;109
2520;152,15
2521;166,6
2522;187,79
2510;122,78
2509;57,3
5669;81,6
5130;731,2
5692;1742,5
5131;1187,4
5132;2285,9
5133;3915,4
5129;436
5691;1218,2
4334;677,8
4335;1060,3
4336;1355,5
4337;2345,4
5125;731,2
5694;1650,1
5126;1187,4
5127;2285,9
5128;3915,4
5124;436
5693;1095,4
4338;324,9
4339;770,53
5716;484,5
4340;867,3
4341;1583,1
4342;534,7
5740;1102,3
5741;1409,5
5742;2439,3
5739;705
4343;429,7
5686;816,6
5687;987,1
4347;589,3
5685;1434,4
4345;325,1
3166;110,7
5689;601,4
5690;771,4
4346;383,9
3167;110,7
4344;453,2
3168;110,7
5688;894,1
3170;33
5744;1102,3
5745;1187,4
5746;2439,3
5743;705
5882;862,2
3171;63,1
3172;126,2
3173;126,2
3174;63,1
3175;63,1
3176;126,2
3177;63,1
3178;63,1
3180;0
3184;82,5
3185;0
3187;79
3188;79
3189;63,1
3191;66
3192;66
3195;0
5843;107,5
5891;229
2505;66,45
3202;64,8
2506;75,11
3203;67,8
2507;56,34
5905;0
3204;58,42
2508;56,82
3205;55,8
2569;710,69
2583;306,23
2513;99,5
2514;106,89
5903;0
2515;345,72
2516;117,5
2517;155,5
4357;250,86
4356;527,72
2536;15,41
2537;38,52
2538;11,07
2539;33,71
2544;11,07
2545;14,45
4608;33,8
2542;51,04
2543;56,82
4388;99,67
2572;21,19
2573;27,93
2807;91,8
3209;225
3210;198
3211;270
3212;396
3213;3600
3214;3600
3215;3600
5840;686,4
5841;698,6
5842;716,3
2548;25,2
2546;14,45
2549;25,7
2550;14,45
2551;47,7
4106;32,26
4107;51,8
3216;49,5
2585;30,82
2586;35,15
2588;59,71
2587;65,97
2604;938,9
2605;1112,3
3221;0
3224;165
3226;0
3227;148,5
3228;722,3
3230;640,4
3231;221
3232;221
3233;247,2
2570;54,41
2571;54,41
2582;43,82
3973;42,85
5640;4,33
3778;56,3
5908;0
5907;0
5906;0
5909;0
5910;0
5911;0
3962;44,78
3780;111,23
5539;53,7
3964;85,9
3965;130,97
3974;85,9
5268;56,3
5270;56,3
5269;85,9
3961;0
3779;0
3963;0
3781;0
3782;0
5912;0
3235;203,2
2614;22,5
2615;69,3
2595;1261,7
2590;391,9
2591;612
2594;580,4
2601;623,5
4085;339,8
3531;1282,7
3975;274,1
4348;1732,9
2603;429
4349;1732,9
4350;1424,8
4351;805,1
4352;2561,6
4353;7361,2
5138;2394,5
4354;791,6
5648;3854,4
5649;3854,4
5651;5274,4
5650;5274,4
5881;98
2616;48,2
3976;98,2
3977;88,6
4089;354,4
2619;68,2
2635;216,2
2631;72,2
2633;54,9
2625;99,7
2632;52,3
2621;47,7
2627;77,4
3750;53,4
3749;300,9
3748;331,3
3610;409,3
4090;446,8
4091;116
4092;87,2
4093;283,1
5447;0
5449;0
5450;0
5448;0
5709;292,5
5708;437,7
5707;359,2
2636;642,8
2622;126,2
2629;163,7
2617;218,3
2637;233,8
2620;86,7
2638;98,1
2628;87,8
2618;141,8
3236;1263,5
3238;1895,2
3239;1579,3
3242;2526,9
3243;2640
3244;2526,9
3245;2211
2561;238,47
2562;37
2559;118,96
2560;104,23
2553;122,24
5899;0
2554;134,24
2555;145,16
4394;64,39
3115;174,62
3116;191
3117;216,64
2556;126,6
2557;140,6
2558;159,8
3611;174,62
2563;332,88
2564;366,71
2565;400
4611;237,93
4612;284,86
4613;317,6
4614;382,54
2566;72,71
4418;140,12
3978;0
2567;134,82
2568;88,11
5728;53460
4405;740,1
4406;804,1
4407;780,5
4408;844,1
4409;731,9
4421;795,4
4410;474,8
4411;493,1
4412;509,4
4413;557,1
4414;533
4415;587,4
4416;533
4417;587,4
5027;96,3
5026;624
5165;232,6
5163;232,6
5025;918,2
5166;842,6
5168;355,3
5167;196
5023;635,1
5024;870,1
4420;48,2
5022;0
4629;4150,9
4956;0
4627;2940,7
4634;3849,6
4628;2798
4636;4763,9
4957;0
4631;4232,7
4637;4902
4633;4924,6
4630;5073,1
4632;6951
4635;4286,9
4960;0
4958;4773,9
4959;4773,9
4961;0
4962;15772
4963;16876
4964;16876
4638;16508
4639;16508
5531;3380,1
4619;3372,6
4620;3802,4
4621;4198,5
4622;4854,9
3809;211,9
3810;290,3
3811;114,6
3812;192,6
3813;156
3814;241
3815;176,87
3816;221
3817;225
3818;65
2819;120,8
2820;143,9
2821;114,1
4687;5181,2
4686;5980,7
4685;7866,1
4689;3950,2
4688;4325,7
4989;7362
4993;7362
4990;11431,5
4994;11431,5
4991;12674,7
4995;12674,7
4986;6279,9
4987;6279,9
4988;6880,9
4992;6880,9
4979;0
4984;0
4980;0
4985;0
4981;0
2;0
4977;0
4982;0
4978;0
4983;0
4719;4155,9
4720;4655
4721;5288,4
4716;2979,5
4717;3222
4718;3695,2
5002;612,6
5007;612,6
5003;711,9
5008;711,9
5004;941,4
5009;941,4
5274;369,7
5273;369,7
5000;444,8
5005;444,8
5001;520
5006;520
4997;6038,7
4998;6038,7
4996;6389,3
4999;6389,3
5011;2548,5
5010;2548,5
3819;215
3820;224,1
3821;127
3822;224
3823;314,1
3824;578,8
3825;1556,5
3826;669
3827;556
3828;669
3829;532
3830;858
3831;698
3832;858
3833;698
3834;788
3835;639
3836;838
3837;680
3838;1796
3839;1558
5255;0
3843;1246
5254;1731
3844;972,57
3841;1030
3842;1169,3
5256;1169,3
4521;4770,2
4522;5496,7
4523;7265,2
4525;1322,4
4519;3430,2
4520;4016,1
3845;1494
3846;1494
4081;1494
3847;1176
4075;1465
4076;1465
3848;1353
3849;1353
3850;1068
3851;1068
3852;1348
4082;1348
4083;1348
3853;1168
4663;1168
4664;1168
3854;1432
4665;1432
3855;1785
3856;1220
3857;1220
3858;1220
3859;1264
3860;1618
4077;1618
4078;1618
3861;1353
4084;1264
3862;1612
3863;1995
3864;1601
3865;2014
3866;2014
3867;2014
3868;1635
3870;1635
3871;2057
3869;2057
3872;2057
3873;1172
3874;987
3875;1281
3876;1159
3877;1159
3878;1584
3880;1584
3879;1316
3881;1316
5271;1189,3
5272;1189,3
5012;1339,5
5017;1339,5
5013;1333,3
5018;1550,7
5014;2162,4
5019;2162,4
5015;2312,7
5020;2312,7
5016;2725
5021;2725
3882;2298
3883;1963
3884;1437
3885;1289
3886;1848
3887;1478
3888;1553
3889;1520,4
3890;1934
3891;1718
3892;4135
3893;0
3896;0
4590;1441
3894;1441
3895;1441
4589;1141
4661;1421,3
4662;1421,3
4012;1311
3897;1633
3899;1633
3898;1452
3900;1452
3901;887
3902;742
3903;2090
3904;1495
3905;2099
3906;2099
3907;2099
3908;2099
3909;2099
3910;2099
3911;2099
3912;3349
3913;3349
3914;3349
5253;3109,7
3915;3349
3916;2927
3917;2927
3918;2927
4013;5080,1
3919;2927
3920;2888
3921;5012,7
3922;5012,7
4165;5012,7
3923;5012,7
3924;2406
3925;2406
3926;2406
3927;2406
3928;3646
3929;3646
3930;3646
3931;3646
3932;2927
3933;2927
3934;2717,9
3935;2927
3936;2888
3937;2888
3938;2888
4014;5013,1
3939;2888
3940;2406
3941;2406
3942;2406
3943;2406
3944;2406
3945;2406
3946;2406
4015;2406
3947;2406
3948;3715
3949;3715
3950;3715
3951;3715
3952;3715
3953;3715
3954;5850
3955;461,1
3956;249,4
4679;26747,3
4677;15436,8
4678;16951,1
4675;26869,1
4673;15558,2
4674;17075,5
4715;4110
4713;3290,8
4714;3532,4
4682;1239,4
4680;676
4681;886,3
4683;12305,3
4676;12427,6
4699;210,73
4700;158,9
4526;3357,6
4527;3545,8
4528;3900,5
4973;4627,4
4974;4627,4
4972;5028
4975;5028
4965;5528,8
4976;5528,8
4576;3950,2
4577;4194,7
4578;4708,8
4966;0
4969;0
4967;0
4970;0
4968;0
4971;0
4723;2659,9
4722;2204,2
4616;2318,1
4617;2469,6
4695;43,3
4691;48,2
4696;50,6
4692;55,4
4697;96,3
4693;101,1
4698;144,5
4694;149,3
563;167,6
2824;186,8
2825;220,5
557;623,2
558;1386,6
555;1740,1
556;2978,4
3247;494,4
3248;264
4172;24,5
3249;24,5
4173;24,5
3250;24,5
3251;24,5
3252;24,5
3253;217
3255;217
3254;217
3256;217
3257;152
3259;217
3258;217
3260;217
3261;21,1
3262;21,1
3263;99,6
3264;221,3
3265;32,6
4174;56,6
4175;43,2
4176;50,4
4177;50,4
3266;39,8
3267;46,1
3268;9,1
610;59,8
611;77,5
613;25
614;40
616;37
618;37
5532;42,1
619;61
620;101,2
621;131,1
2079;121,4
627;121,4
632;122,6
633;46,8
634;97
637;270,8
638;270,8
640;293,4
643;693,5
3957;131,6
2081;114,8
2082;125
2083;142,5
5534;152,8
5535;152,8
5536;152,8
2088;1180,8
5641;611,6
3269;2310
4099;874,9
3270;1979,9
4098;605,2
2826;104,3
575;55,5
580;339,5
576;77,6
3061;85
579;104,3
2828;513,6
2830;104,3
2832;144,8
4074;327,7
2834;403,2
2827;490,5
2829;104,3
2831;137,1
2833;403,2
584;108
582;108
583;108
590;111
588;111
589;111
5119;243
5120;243
5121;257
543;2731,2
4597;3109,8
544;2856,8
4600;3209,9
545;2926,5
4602;3265,1
546;3027,1
4604;3345,1
4641;4053,4
4642;4514,6
4643;4574,6
4640;4661,6
551;2554,7
4599;3228
552;2655,7
4601;3315
553;2731,2
4603;3380,3
554;2813
4605;3451,1
2836;1413
2837;604
565;1063,7
566;184,9
569;586,5
567;272,5
568;359,7
5655;2334,1
645;210,4
5154;125,2
5800;287,6
574;159,9
594;274
595;274
596;280,7
597;349,6
598;349,6
599;360,2
600;349,6
601;349,6
602;360,2
5110;0
604;136,7
606;323,6
5727;15,9
2838;169
2839;419,9
5726;133,9
5722;189,2
5723;189,2
5724;200,3
5725;56,3
5731;0
2841;258,75
2842;593,4
2843;864,7
608;755,5
609;980,8
2093;2305,4
3271;29602,4
3789;7417,8
2092;1687
603;195
3613;96,3
2844;2164,3
2845;2890,9
2846;6292,5
2847;6429,6
2848;8784,9
2849;4540
3790;904,5
5817;633,7
2850;15801,9
2851;11074,3
2852;16734,1
2853;14002,9
559;100,2
4607;86,4
4606;86,4
562;320,5
5721;168
5711;0
5506;0
3272;0
5320;2,7
5321;2,7
5750;396,45
5751;472,95
5749;264,3
3273;0
4580;0
5630;0
5501;0
5628;0
4582;0
5502;0
5627;0
4584;0
5626;0
3274;0
4581;0
5503;0
5625;0
5500;0
5633;0
4583;0
5504;0
5631;0
3275;0
5495;0
5632;0
3276;0
5629;0
4321;0
4319;0
4320;0
5634;0,3
5564;1125,6
5700;0
5505;0
2854;1,8
2855;2,7
2856;4,1
3277;0
4318;0
4513;0
4422;51,8
4423;265,5
4579;265,5
3278;0
5123;0
5234;20
5235;21
3279; ���.-150�  1*45
4436;0
4591;216
5293;12,4
5294;29,5
5295;38,9
5296;43,6
4298;1045,7
4299;1458,6
4300;277
4301;174,4
4302;382,2
5440;382,2
4303;222,7
4304;37,6
4305;50,9
5436;50,9
5437;27,4
4306;50,9
5435;50,9
5438;42,3
4308;1692,9
4307;191,9
4309;611,3
4312;4984,7
4310;517,3
4313;940,5
4311;376,2
5430;246,7
5431;342,9
4314;3479,9
4315;0
4316;35,5
4317;35,5
5432;26,1
5433;37,2
5434;164,2
5439;3,8
5468;1585,2
5644;301
5645;370,6
5563;0,9
5318;3,8
5524;1,3
5560;10,3
5561;12
5562;10,3
5646;43,6
5647;47,9
4437;0
4592;158,9
4593;158,9
1187;390,7
1188;444,7
2857;344,3
3983;350,9
3984;376,5
1189;31,5
1190;32,7
1191;29,4
1192;15,4
2858;46,2
2860;52,6
2859;82,8
2861;96,3
1193;97,8
1194;149,6
4489;0
4487;0
4488;0
2439;2145
5533;3346,6
5798;2483
5818;532
5799;3653
5819;532
2440;3015
5514;8515
2437;2148,7
2438;2199,5
2436;4318
4359;3914
4358;3743
5496;5113
5497;3107,5
2445;664
5498;1012
5516;1774
5822;1513
2444;962
5515;1618
4514;951
4515;784
5499;1417
2466;72,6
2446;264
2447;264
2449;0
2450;0
2451;0
2454;264
2470;115,5
2473;0
2475;0
2480;115,5
2127;726
2128;990
2130;792
2129;693
2132;0
2133;594
2126;759
2420;905,9
2421;576
2422;576
2141;412,5
2137;594
2138;561
2136;429
2139;528
2157;474
2158;502
2150;739
2152;673
2153;280
2154;312,3
2155;461
2156;539,7
2159;337
2186;500
2184;766,9
2183;1126,4
2188;383
2189;431
2191;510
2190;496
2185;451
2427;358,8
3280;0
3436;990
3281;594
3282;495
3283;429
3284;792
3285;787,1
3286;829,1
3287;1046,2
3288;1095,8
3289;0
3290;1126,4
3292;677,9
3293;802,2
3294;844,2
3296;496
3295;582,5
3297;0
2173;500
2180;732,5
2178;697
2169;710
2179;685
2177;716
2862;785,4
2170;561,8
2171;353
2168;474,6
2181;510
2182;561
2176;546
2172;370
2175;496,9
2101;990
2094;990
2096;1188
2097;1650
2095;1452
2103;759
2102;1089
2104;858
2106;627
2099;0
2098;1056
2143;1161
2145;1529
3614;1674
3685;3350
2148;1544
2149;1227
2144;1155
3985;1163
2142;1349
2147;1129
2165;620
2167;240,73
2166;398,6
2160;494
2863;427
2417;486
2418;764,8
2419;486
2125;0
2120;693
2119;627
2121;528
2118;396
2123;561
4383;613
4385;759
4386;875,7
4384;628,3
4387;899
4382;613
4529;370
2495;275
2487;470
2486;518
3986;725
2491;373
2488;275
3987;339
2494;365
3988;380
2492;267
2489;267
3989;224,8
2490;401
3298;0
5385;2158,1
5386;1910,6
5383;935,6
5417;1278,4
5382;6967,4
5379;3147
5419;4041,4
5421;3298,2
5381;2845,4
5380;3600,7
5375;3147
5376;3917,1
5377;3752,4
5378;4123,3
5384;1374,6
3990;1483
3991;2376
3992;1694
3993;2775
3994;1748
3995;1483
4066;528
5479;0
5475;3266,2
5478;4725,7
5473;4142
5472;3642,3
5474;6213,4
5477;10924,8
5471;3266,2
5476;3752,8
2402;781
2403;654,8
2394;1391
2393;1557
2397;1102
2396;692
2398;1149
2404;887
2400;804
2401;672
2399;662
2395;1118
2866;649
5289;��.
5837;3393,1
5282;4796,8
5283;4343
5288;2845,4
5286;3600,7
5287;6142,7
5285;4645,5
5278;2404,7
5279;3174,7
5280;3670
5281;4123,3
5446;5273,9
5290;2474
4375;1054
4380;1736
5117;0
4379;2178
4378;1218
4381;383,3
4377;1632
4374;1054
4376;1637,2
3616;2032
3617;2469
3996;1833
3997;1626
3618;1167
3619;1458
3998;969
3999;1581
4000;1511
4001;1196
4002;2074,4
4003;1364
4004;1125,2
4005;935
4209;��.
4210;��.
4215;1169,6
4216;316,8
4217;357,1
5392;554,7
4218;1254,1
4219;2737,5
4220;2749,6
4223;1235
4204;2883,1
4224;597,2
4207;5300,7
5422;3215,5
4206;4928,9
5424;3063,8
4208;2263
4213;2845,8
4214;6377,2
5113;11342,9
4211;3042,1
4203;2829,8
4205;3839,9
4564;3790,1
5388;3381
5390;4398,1
5387;6142,7
5389;3290,4
5772;3199,4
4221;1272,7
4222;584,6
5763;1118
5769;689
5770;845,5
4227;943
4212;6629,4
4435;3581
2391;442
2388;774
3090;1467
2390;581,5
2387;438
2384;581
2864;572
2392;417
2385;318,78
2389;655
4069;401
2308;610
2300;1144
2307;1068
2303;915
2302;477
4649;0
4650;975
2310;610
4652;0
3299;214,5
3300;264
3301;204,6
4651;0
5247;14252,4
5246;35733,2
5251;6733,4
5249;7617
5248;0
5250;8716,8
5244;2098,3
5683;14874,3
5245;10379,2
2283;950,5
2284;891,7
2280;1073
2278;1020
3080;1180
2277;796
2279;493
3081;529
2275;829
2274;640
3082;777
2281;817
2282;934,5
2276;837
4237;766
4243;1340
4238;1377
4242;1573
4236;958
4232;638
4239;744
4234;765
4240;869
4230;768
4231;609
4233;623
4241;730
4235;822
2315;528
2318;0
3620;804
2428;596,8
4659;0
2430;1194,1
2431;429
2261;363
2262;396
2258;759
2256;264
4088;330
4660;663
4006;738
4007;1874,9
4008;1411,6
4009;929
4010;1668,2
4011;1144,5
4562;6158,8
4561;14980,5
5420;1113,7
5348;481
5349;559,9
5351;454,2
5350;727,6
5416;1355,1
4549;13396,6
4548;29848,7
5415;8299,1
4553;3163,9
4552;23593,7
4554;3480,7
4555;6197,8
4546;5663
4547;7307,1
5345;6635,5
5346;7998,3
5347;8444,7
4551;2881,3
4550;11960
4557;6722,1
4558;6722,1
5291;5280,8
5292;7642,1
5393;9620,8
5394;10198
5395;6529,3
5396;11819,6
5445;0
5397;10390,9
5398;6707,4
2337;330
2334;660
2343;528
2341;0
4646;0
4644;0
4647;0
4648;0
4645;624
3303;810
3304;0
3305;0
2371;594
2369;0
4067;264
2366;330
4068;330
3307;0
3309;0
3310;0
3308;429
2215;1146
2216;888,3
2212;1868
2221;4789
2217;1932
2219;2169
2210;1505
2865;1839
3087;930
3088;1002
2209;1519
2218;1413
2220;1140
3085;1317
2213;1100
2214;1209
2211;1431
2222;563
2223;903
2224;926
3793;1033
2225;813,1
2226;737
2227;609,8
2228;599,3
2263;726
2264;0
2267;495
2434;565
2435;600,3
4543;11542,3
5423;1223,3
4541;1387,6
4534;4917,7
4535;7948,5
4537;23845,1
4536;6694
4539;2935,5
4538;26512,8
4540;3663,1
4531;4362,5
4532;6235,5
5342;6130,2
5344;2323,2
5343;3063,8
4533;4980,9
4542;1872,9
4544;8595,9
2346;478
2350;620
2347;672
2348;448,11
2344;401
2351;465
2349;465
2328;871,9
2330;502,4
2867;686
2356;561
2353;957
2362;607
2354;594
2355;346,5
3312;577,5
2358;561
2361;528
5469;23376,6
5372;��.
5371;��.
5369;3600,7
5370;3517,9
5358;4671,5
5426;6142,7
5362;23226,7
5425;10486,2
5418;4865,2
5364;18457,2
5365;17248,2
5366;3000,1
5363;22950,2
5367;6390,6
5368;11380,2
5353;4017,6
5355;4154,1
5356;5237
5357;5910
5360;5841,1
5354;7389,5
5359;5016,5
5373;1649,8
5361;8299,1
5710;1899,8
5831;15801,2
5695;10722,8
5833;1050,9
5834;2126,9
5838;1873,8
5835;2912,5
5677;3124,5
5678;3822,1
5675;10176,8
5676;13478,1
5671;4610,8
5672;5838,1
5673;7202,3
5836;5216,7
5832;771,8
5679;14214,7
5681;17216,1
5680;15032,9
5682;18034,7
5674;10341
2229;420
2236;954
2235;954
2237;763
2238;725
2233;725
2234;725
2232;496
2231;458
2230;534
2375;487
2380;851
3089;983,7
2382;594,1
2377;333,08
2376;0
2868;598,2
2383;396,45
2381;564,4
2379;670
4429;478,5
2239;792
4653;975
2248;561
4086;264
4087;414
4431;495
4654;0
4655;0
4430;469,2
2287;555
2289;830
2298;3424,7
2292;779
2295;622
4656;0
2291;347,8
2293;602
2869;458,2
2299;1770
2285;622,4
4658;0
2290;568
2198;1264
2199;1374
2205;2089
2194;4601
2206;1811
3100;1949
2197;1481
2196;1786
5252;849
3086;930
3083;1002
2202;1354
2200;1156
3084;1180
2195;1806
2207;1056,3
2203;1326
2204;1382
2201;1369
2503;785,8
2504;610
4016;744
2497;656,2
2502;351
4657;0
2498;615,4
2870;495,4
2501;438
5821;985,1
5830;2103,2
4401;2284,41
4403;2656,9
5845;4103,5
5846;2329,09
5509;639522
5540;0
5541;0
5624;126805,5
5652;376542
5654;30442,8
5653;65515,5
5847;7289,23
5508;417528
5699;51138,9
1204;1059,3
1205;1213,4
5748;6140,45
4080;101,4
3791;286,5
4079;101,4
3792;268,5
4492;0
4186;95,5
4491;0
5926;0
1217;36,6
5848;38,5
1212;14,8
2871;14,8
1213;14,8
1214;14,8
1215;32,7
1216;32,7
5717;35,3
5713;37,2
5714;16,1
1195;158,2
1196;227,3
5108;882
5109;1245
4490;420
1198;1046,6
3621;806
1199;94,2
1200;99
4426;209,3
4427;224,1
1201;116,2
1202;122,6
1203;187,7
5537;49,7
1206;84,8
3622;635
1207;75,8
5901;0
1208;326,3
1209;67,2
1210;104,6
3094;198,4
3095;192,6
1211;119,7
4184;2840,4
4185;2051,2
4183;3199,1
5809;3888,1
5810;4577,1
5811;5266,2
5773;1973,7
4181;2510,5
4182;2812,4
4493;0
5774;1824,9
4017;347,2
5929;3098
5930;3518
5812;2134
5813;2715
5931;2906
5896;3010
5894;3459
5932;1973
5933;2510
5934;2785
5895;3199
5893;3888
5897;2156
5898;2561
5925;0
5884;30542
5886;78
5888;110
5892;95
5889;79
5276;0
5890;125
5885;6787
5697;20022,6
5698;6696,3
5887;94
4929;1607
5031;0
4927;2743
5032;0
4928;1822
5033;0
4926;1372
5034;0
4920;9143
5063;0
4921;4464
5061;0
4919;5446
5062;0
4893;4511
5064;0
4892;5372
5068;0
4894;4942
5067;0
4891;4081
5065;0
4896;7980
5069;0
5147;2077,5
4897;4121
5070;0
4895;5304
5066;0
4846;13251
5059;0
4853;8677
5058;0
4854;5311
5049;0
4855;7731
5057;0
4850;0
5053;0
4587;5816
5050;0
4588;15963
5056;0
4852;5446
5052;0
4847;5102
5055;0
4849;2682
5054;0
4856;6629
5060;0
4851;2677
5051;0
4935;390
4934;1101
5156;417
4932;369,68
4933;369,68
5030;2900
4930;3400
4865;11422
5047;0
4869;5257
5040;0
4867;8928
5043;0
5141;3874,3
4872;5372
5042;0
5155;2331
4874;6232
5048;0
4870;5224
5046;0
4871;4296
5039;0
4866;11349
5044;0
4873;2689
5041;0
4868;7573,8
5045;0
4936;5092,06
4878;11127
5088;0
4875;9970
5091;0
4879;6407
5086;0
4882;4337
5085;0
4881;5278
5090;0
4880;4982
5089;0
4876;3664
5092;0
4877;2037
5087;0
4883;10716
5083;0
4884;5614
5078;0
4890;5263
5084;0
4889;4888
5081;0
4885;5224
5082;0
4886;4296
5077;0
4887;2024
5079;0
4888;5264
5080;0
5145;2284,2
4857;1294
4859;1283
4861;602
4860;602
4862;562,4
4942;1283
4863;602
4864;602
4908;5179
5098;0
4909;3731
5093;0
4910;3731
5097;0
4904;7167
5099;0
5148;5441,7
4907;3993
5094;0
4906;4121
5100;0
4905;2360
5096;0
5144;1024,1
4911;2145
5095;0
4912;12633
5107;0
5146;7674
4915;4942
5102;0
4917;5372
5101;0
4916;5943
5106;0
4918;5943
5104;0
5143;2579,1
4914;2972
5103;0
4913;5473
5105;0
5142;2374,7
5260;1290,9
5300;0
5111;0
5036;0
5304;0
5112;0
5037;0
5306;0
4922;1459
5038;0
4923;1488
5035;0
4924;916
5305;0
4925;693
5307;0
4900;3267
5072;0
4898;6266
5076;0
4902;3933
5071;0
4901;4652
5075;0
4899;3113
5074;0
5137;1298,6
4903;3255,7
5073;0
5765;0
5766;0
5767;0
5768;0
107;774,9
106;638,2
109;712,4
108;712,4
110;1077,1
5241;1497,9
5240;1313,5
5239;1313,5
3625;14136,8
3626;17985
3627;21956
3628;26193
3629;30430
3630;16925,7
3631;20789,2
3632;24167,4
3633;28890
3634;33127
3635;41601
3636;50076
4464;183,4
72;142,9
73;126,3
74;132,1
104;195,4
105;195,4
112;1044,4
113;1528
114;2130,6
115;2593,9
116;3028,5
117;3486,9
118;4050,4
119;4425,7
120;4930,4
121;5554,1
122;6172,5
123;1162,1
124;1677,6
125;2191,7
126;2706,7
127;3220,4
128;3734,5
129;4248,6
130;4926,8
131;5352,8
132;5875
133;6395,9
134;2526,1
135;3791,1
136;5012,2
137;6198,1
138;7419,1
139;8605,1
140;9814
141;11084,9
142;12302,8
500;804,9
4295;697,9
5238;886,2
501;259,3
4296;723,5
502;714,2
503;765,6
504;893,3
505;477,6
506;587
507;758,6
508;751,2
5324;803,8
4027;816,5
5325;873,6
4028;1096
4029;1392,9
529;108,3
530;147,3
531;263
5215;119,6
452;114,1
3463;285,5
5797;337,1
3637;197,4
4668;192,6
453;407,3
4032;842,9
4033;976,5
4373;562,9
454;842,1
2873;251,3
4372;626,4
5213;3223,6
5212;6982,3
542;273
3638;218
161;60,7
163;80,4
164;53,4
3065;66
5512;81,9
75;23,8
77;23,8
79;23,8
81;23,8
76;14,3
78;14,3
83;23,8
85;23,8
84;14,3
86;14,3
5236;52
88;17,5
5427;20,7
94;48,2
95;45
97;53
5730;53
347;148,3
5802;272,8
98;28,1
99;40,3
100;44,5
101;144,6
102;115,5
103;132,4
166;130,2
170;200,8
174;253,3
143;339,3
144;377,5
145;636,7
146;848,9
147;1018,8
148;1374,7
149;1098,3
150;973
151;1464,1
152;1131
153;1294
178;130,2
182;190,7
186;247,4
190;167,2
194;244,9
198;311,2
209;244,5
214;349,6
218;454,8
4465;0
4466;0
4467;0
235;305,9
239;437,3
243;569
255;292,7
262;324,6
263;324,6
267;484,1
264;484,1
270;634
271;634
5927;0
274;396,1
275;396,1
278;561,2
279;561,2
282;727,2
283;727,2
285;118
287;161,7
289;202,4
291;118
293;161,7
295;202,4
308;165
311;174,8
313;253
315;330,8
317;408,1
319;484,5
321;561,3
323;637,2
325;222
327;335,7
329;449
331;562,6
333;676,3
335;790
337;903,3
154;426,6
5538;788,7
155;482,5
5457;784,7
5451;893,2
156;649,8
5458;727,59
5452;1024,6
157;736,7
5459;782,46
5453;1183
158;686,6
5460;973,4
5454;1287,5
159;953,6
5461;1035,4
5455;1628,9
5456;1839,3
5566;363,1
5462;494,3
5463;597,7
5464;700,1
5465;741,7
5466;865,2
5467;1514,5
342;369,8
5806;295,2
344;391,9
5805;309,6
5808;260
5801;548,4
5206;13508
5207;16084
5208;17910
5209;20317
5210;22737
5202;9571,02
5203;11395,27
5204;12689,6
5205;14394,61
5200;15521,69
5201;17331,7
5197;8357,83
5198;11920,55
5199;13219,85
5610;6072
5611;6716
5609;7687
5612;8060
5613;8582
5614;12687
5615;14180
5616;15299
5617;16120
498;854,3
499;2299,6
528;2123,9
5807;3278,5
4596;26964
4047;27457,1
4048;28751,3
4049;30322,9
4050;30315,2
4051;24890,42
4052;36594
3794;40500
4053;40446
4096;40446
4054;37084
4055;47876,4
4097;74151
4594;74343
4610;84474
4595;101384
5237;57159
4018;5,7
4615;0,4
4395;93,2
4057;368,8
4062;519,1
4056;2673,3
5565;282,2
4064;40,4
4058;187,8
4061;301,4
4370;1791,2
4059;737,7
4063;425,6
4060;752,1
471;340,6
472;460,6
473;504,2
474;757,2
3723;395,9
3724;460,2
480;209,9
482;209,9
484;211,2
491;202,7
493;202,7
495;201,8
497;78,2
5701;1391,5
5702;1391,5
438;660,1
440;634,6
5217;431,4
5218;541,2
3795;506,5
2874;547
4291;690
450;318,3
451;349,1
4035;388,4
4037;414,2
4039;900,9
442;203,2
443;284,1
444;344,3
5228;15,9
4034;271,8
4036;414,2
4038;682,5
445;228,2
446;316,8
447;374,1
2876;432,5
3532;574,9
3639;200,8
5216;352,9
4292;570,6
4293;726,1
4294;830,6
455;851,8
2877;828,2
4030;697,7
4669;828,2
456;851,8
3474;828,2
4031;996,8
4199;285
4200;292,9
4201;288,1
4202;298,7
3640;98
3641;158,7
457;184,8
458;194,9
459;155,2
460;157,8
461;148,1
462;139,3
463;103,3
464;110
465;248,9
466;251,1
467;196,5
468;202,3
3314;50
3315;132,6
3316;169,7
2878;299,1
475;24,4
476;38,7
477;55,6
4371;30,7
4468;0
4469;0
509;791,6
510;815,7
4470;0
4471;0
511;1081
512;1237,9
4424;847,4
4472;0
4194;1142,1
514;2015,6
515;2215,4
4438;3546,2
5136;2918,8
5135;2918,8
5181;2637,6
4289;637,5
4290;575,9
435;216,2
4425;20,2
436;216,2
437;137,2
2879;1211,5
4399;963,5
4400;1109,9
4040;452,8
4041;647
4042;1255
4043;1290,5
5221;614,4
5222;614,4
3462;1605,3
5219;1125,3
5220;1553,8
89;13,8
516;1629,8
517;1629,8
518;1662,3
519;1662,3
520;1859,1
521;1859,1
523;2732,1
524;1662,3
525;1662,3
526;1689,6
527;1689,6
3092;3417,4
3091;3680
5224;45,3
5223;125,2
5170;5531,7
5171;6854,2
5172;6147,2
5173;7468,8
5177;9207
5178;10529,3
5180;0
5179;0
5185;0
5186;0
5214;3680,6
5428;0
5160;12043,3
5162;10530
5161;13770,9
2880;3,25
2881;3,91
3796;5,6
541;525,8
4444;0
4445;0
4446;0
4447;0
4450;0
4451;0
4448;0
4449;0
4452;0
4453;0
4101;2137,3
4102;2641,6
4103;3116,6
4100;1573,8
4454;0
4455;0
4456;0
4457;0
4458;0
4459;0
4462;0
4463;0
4460;0
4461;0
28;806
29;787,48
30;1119
31;1263
32;1551
2882;1206,7
33;895
34;1034
35;2073,1
36;1845,1
37;1389,1
4190;1499,6
2883;2359,4
38;1405,72
4191;1789,1
2884;2831,2
39;1989,9
4192;2177,8
2885;4010,9
40;2284,7
4228;2512,6
2886;4112
41;2974,6
4193;3283,3
2887;6147,8
2888;6998,5
43;724
44;850
45;976
46;1101
47;1352
48;740
49;870
50;1015
51;1127
52;1392
53;1042
54;1261
55;1766
56;2088
57;2212
58;580,6
59;626,9
4428;787,5
23;152,96
24;167,7
3114;152,96
4439;185,91
4440;210,44
4441;212,98
25;176,9
26;150,5
4442;262,3
4443;270,4
5232;48,2
5233;35,1
433;40
5174;3893
5175;5069,4
5176;6445,2
3643;513,6
3645;13482
3646;17334
3647;21186
3648;26578
3649;31586
3797;205,4
3798;154,1
3799;154,1
3800;154,1
3650;13919,2
4397;3284,2
5118;2837,6
5227;88,6
5226;76,1
5225;105,4
4159;547
4160;223,4
4161;297,4
4162;524,4
4163;375,4
4019;68,3
4020;74
4021;93
425;127,6
427;133,9
5230;433,4
5229;433,4
430;316,8
431;326,9
434;101,6
4398;161,3
61;728,3
62;749,1
63;769,6
64;799,3
65;819,4
66;1407,2
67;1425,6
68;1444,5
69;1472,6
70;1544
3651;723,1
4609;295,7
2890;256,2
539;334
540;1253,5
2891;272,5
2892;272,5
5211;599
5309;1647,7
5310;2197,5
5312;3138,7
5314;3610,1
5313;4787,5
5315;6042,2
5311;6277,9
5316;8004,6
5317;9730,7
3652;484,5
3728;1196,9
3729;1500,4
3730;1934
3731;1422,2
3732;2116,1
3733;3809,6
3734;1797,9
3735;4149,6
3736;74,2
3801;74,2
5718;2083,1
5719;1716,9
5720;2657,7
5606;127044
5618;204336
5607;137376
5619;293907
5608;699000
5620;69016,3
5621;69811,3
5622;71505,1
5623;74552
3764;1600
3765;1235
3766;2030
3767;2525
5231;325,5
469;424,8
470;513,2
533;19,4
532;35,1
536;31,45
535;17,5
5323;158,4
340;143,5
5322;124,2
4248;27,6
4245;56,3
4247;18
4026;0
5140;0
3318;26,4
3319;26,4
3320;19,8
3321;23,1
3323;16,5
3324;29,7
2893;108,8
2894;191,9
1219;78,6
1221;128,6
1223;216,8
1225;328,1
1227;388,2
1229;526,9
1220;81,5
1222;132,6
1224;220,8
1226;334,8
1228;396
1230;536,5
1231;83,1
1233;152,2
1235;252,8
1237;382
1232;85,9
1234;154,5
1236;257,3
1238;388,7
1357;9
1359;17,4
1361;26,4
1358;10,7
1360;18
1362;26,4
1252;19,7
1254;30,3
1256;48,9
1253;21,3
1255;30,9
1257;49,4
1258;19,1
1260;36,5
1262;51,7
1259;20,2
1261;37,1
1263;53,4
1265;47,2
1267;81,5
1269;150
1266;47,7
1268;83,1
1270;151,7
1271;59,5
1277;81,5
1273;85,9
1275;185,9
1272;60,7
1441;82
1274;87,1
1276;189,9
2895;73
1278;75,3
1280;36,6
1279;76,4
1343;96,6
1345;212,9
1347;352,2
1344;97,7
1346;216,8
1348;357,3
1283;41,6
1285;44,4
1287;74,7
1284;42,1
1286;44,9
1288;75,8
1289;50,6
1291;72,5
1293;59,5
1290;50,6
1292;72,5
1294;60,1
1296;26,4
1298;47,2
1300;66,3
1302;128,1
1297;26,4
1299;47,7
1301;68
1303;131,4
1304;21,9
1306;35,4
1308;60,7
1310;64
1312;98,3
1305;22,5
1307;36
1309;61,2
1311;65,2
1313;93,8
1315;24,2
1317;19,1
1319;27,5
1321;59,5
1323;48,9
1325;94,4
1316;24,7
1318;19,1
1320;28,1
1322;60,7
1324;49,4
1326;96,6
1328;71,3
1330;111,8
1332;176,4
1329;73
1331;114
1333;180,9
1334;93,3
1335;97,2
1338;123,6
1336;94,9
1337;99,4
1339;125,8
2896;27,5
1349;30,3
1351;44,4
1353;78,1
1355;89,9
1350;31,5
1352;44,9
1354;79,8
1356;91,6
3327;37
1375;66,8
1377;111,8
1379;200,5
1381;316,8
1383;392,1
1385;562,3
1376;68,5
1378;114
1380;204,5
1382;323,6
1384;400
1386;574,1
1387;79,8
1389;150
1391;215,7
1388;80,9
1390;151,7
1392;219,1
4494;0
4495;0
1404;558,4
1406;779,1
1405;566,2
1407;789,3
1395;98,3
1646;128,6
1647;196,1
2897;62,9
2898;94,4
2899;159
1408;12,4
1410;20,2
1412;36,5
1409;12,9
1411;21,3
1413;37,1
2900;14,6
1414;15,2
1416;20,2
1418;49,4
1415;15,7
1417;21,3
1419;50,6
2901;18
5340;131
5341;169,5
1420;44,4
1432;75,3
1422;71,3
1424;94,4
1426;184,8
1428;294,9
1430;458,4
1421;44,9
1433;76,4
1423;73
1425;96,6
5134;339,8
2902;49,4
5336;135,3
5338;161,8
5335;128,1
5337;184,4
5339;216,7
1434;52,2
1440;78,6
1436;81,5
1438;108,4
1443;225,8
1445;328,6
1447;490,4
1435;52,8
1437;83,1
1439;110,1
2903;57,9
1449;60,7
1451;100
1453;185,9
1450;61,8
1452;102,8
1454;191,6
1456;54,5
1458;87,3
1460;137,3
5328;126,6
5327;82,8
5329;109,3
1461;34,3
1463;43,3
1465;63,5
1467;103,4
1462;34,3
1464;44,4
1466;64
2904;39,9
1473;41
1475;57,9
1483;100
1477;57,9
1481;101,1
1479;78,6
1485;185,4
1489;229,8
1487;210,1
1491;269,1
1493;265,7
1474;41,6
1476;58,4
1478;58,4
1495;18
1497;36,5
1499;52,2
1501;135,4
1503;181,4
1505;306,2
1496;18,5
1498;38,2
1500;52,8
1502;127
2905;21,3
1517;16,9
1507;16,9
1509;23,6
1511;41,6
1519;103,4
1513;42,7
1521;117,4
1515;112,4
1523;120,2
1525;211,8
1527;159,5
1529;233,1
1531;257,3
1508;17,4
1510;23,6
1512;42,1
1514;43,3
1516;114,6
1533;15,7
1535;12,9
1537;19,1
1539;44,4
1545;192,7
1541;41,6
1547;139,9
1543;88,8
1549;177
1551;312,3
1553;142,7
1555;273,6
1557;242,1
1534;16,9
1536;13,5
1538;19,1
1540;44,9
1542;42,1
1544;91
2906;21,9
1559;52,2
1561;74,7
1563;134,3
1565;297,7
1567;378,6
1569;518,5
1560;52,8
1562;75,8
1564;136,5
2907;61,8
1571;98,3
1573;150
1575;182,6
1572;100
1574;151,7
1576;194,9
1577;70,8
3072;109
2908;217,4
1578;73
3073;115,7
2909;222,5
1579;71,3
2910;114
2912;217,4
1580;73
2911;115,7
2913;222,5
1581;68
2914;109
2916;217,4
1582;70,8
2915;112,4
2917;222,5
1583;71,3
2919;113,5
2921;217,4
1584;72,5
2920;115,7
2922;222,5
1585;74,7
2923;113,5
2925;217,4
1586;75,3
2924;115,7
2926;222,5
1587;20,2
1589;27,5
1591;51,7
2927;79,8
1593;57,9
2928;100
1595;88,8
2929;103,9
2930;153,4
2931;135,9
2932;177
2933;201,1
1588;21,3
1590;28,1
1592;52,2
1594;59
1621;43,8
1623;68
1625;93,3
1627;110,1
1629;137,1
1599;24,2
1601;37,1
1605;43,8
1603;50,6
1607;61,8
1609;74,2
1611;106,7
1613;119,1
1615;133,7
1617;159
1619;185,9
1597;37,1
5331;90
5333;132,4
5330;71,7
5332;109,3
5334;135,3
1630;15,2
1631;15,2
1632;15,2
1633;22,5
1634;22,5
1635;26,4
1636;30,3
1637;47,7
1638;17,4
1639;20,2
1640;20,2
1641;24,7
1642;24,7
1643;31,5
1644;34,8
1645;56,2
1672;19,2
1673;24,6
1674;25,5
1675;28,4
1676;15,9
1677;22,1
1678;20,9
1679;23,8
2935;33,8
1680;26,9
1681;30
1682;37,1
1683;26,3
2936;26,5
1684;32,5
1685;76,4
1686;65,9
1648;18,7
1649;19,2
1650;24,2
1651;26,9
1652;24,2
1653;17,1
1654;23,4
1655;27,7
1656;28,1
1657;31,7
1658;46,8
1660;28,4
1661;40,9
1662;45,1
1663;26,7
1664;38
1665;39,6
1666;31,7
1668;41,3
1667;40,1
1670;43
1669;43
1671;48
1732;71,7
1733;86,5
1734;90,7
1735;117,3
1740;97,7
1741;97,7
1742;89,6
1736;67,5
1737;86,5
1738;104
1739;106,9
1743;94,1
1744;92,7
1745;89,6
1746;85
1747;104
1748;129,2
1749;97,7
1750;93,1
2939;48,2
1751;124,5
1752;177,2
1753;298,8
1687;49,9
1688;67,5
1689;81,7
1690;90,7
1691;87,8
1701;51,3
1702;67,5
1703;82,2
1704;87,9
1705;82,4
1707;74,6
1708;101,7
1709;129,2
1710;95,9
1711;111,2
1712;148,2
1713;165,8
1715;116,1
1716;119,3
1717;96,4
1718;150,1
1719;171,5
1720;102,6
1721;104,4
1722;125,6
1723;117,3
1725;148,7
1724;148,7
1727;160,1
1726;153,5
1728;182
1729;112,5
1730;132,3
1731;132,3
1780;81,2
1781;95,5
1782;112,1
1783;118,3
1784;81,2
1785;96
1786;112,1
1787;118,3
1788;111,2
1789;141,1
1790;178,6
1791;106,4
1792;140,1
1793;205,7
1794;352
1757;66,5
1758;80,3
1759;107,8
1760;123,5
1761;59,9
1762;77
1763;106,9
1764;124,5
1765;102,6
1766;130,6
1767;161,1
1768;124,5
1769;196,7
1770;204,8
1771;121,1
1772;204,3
1773;210
1774;158,2
1776;197,2
1775;197,2
1778;233,3
1777;232,8
1779;257,5
1821;69
1823;54,2
1824;40,9
1825;42,5
1827;50,9
1828;45,9
1829;87
1831;64,23
1832;54,7
1833;55,61
1798;56,6
1799;58,1
1800;73,7
1801;44,7
1802;33,2
1803;33,8
1804;74,1
1805;58,1
1806;41,7
1808;65,9
1809;54,7
1810;88,1
1811;92,2
1812;40,9
1813;77,2
1814;91
1815;64,7
1817;78,5
1816;78,5
1819;105,2
1818;92,6
1820;109,7
3328;��.
3329;33
3330;39,6
3331;36,3
3332;44,6
3333;33
3334;36,3
3335;44,6
3337;44,6
3338;49,5
3340;47,9
1837;28,1
1838;30,7
1839;31,4
1840;33
1841;26,4
1842;28,1
1843;31,4
1844;33
1846;32,3
1847;35,6
3341;41,3
3343;62
3344;40,6
3345;48,5
3346;55,1
3347;52,8
3349;69
3350;70
3351;70
3352;72,6
3353;5,3
3354;5,9
1924;60,7
1927;97,7
1930;140,9
2940;231,9
1931;80,2
1934;102,5
1937;153
2941;264,9
1945;15,5
2942;6,7
1946;22,9
2943;12,1
3653;24,3
2944;18,2
2945;24,9
2946;29,7
1941;3,4
1942;4,7
2947;9,4
2948;3,4
2949;2,7
1943;3,4
1944;4
1892;33,7
1893;45,8
1894;46,5
1895;49,2
1900;40,4
1901;60,7
1902;60,7
1903;64
1911;4,7
1912;6,7
1913;18,2
1908;6,1
2950;6,7
2951;12,1
2952;8,1
1909;10,1
2953;6,7
1910;19,5
2954;12,1
2955;32,4
1918;45,8
1914;39,1
1916;39,8
1920;9,4
1921;15,5
1922;24,9
2956;51,2
2957;70,8
1955;109,9
1956;130,8
1957;202,9
5715;144,9
2958;177,3
2960;234,6
2962;403,1
2959;177,3
2961;234,6
2963;403,1
1852;31
1853;40,4
1854;33
1855;43,1
3590;48,5
1858;70,1
2964;180
1859;37,1
1860;53,9
1861;39,8
1862;58,6
1865;78,9
2965;240,7
1866;4
1867;6,7
1868;12,1
2966;20,2
1869;5,4
1870;8,1
1871;9,4
2967;3,4
2968;4,7
2969;6,1
2970;45,8
2971;47,9
2972;64
2973;94,4
4510;0
2974;93,7
1872;38,4
1874;42,5
1875;52,6
1877;60,7
1878;92,4
1879;43,8
1881;47,2
1882;66,1
1884;75,5
1885;109,9
1886;7,4
1887;14,2
1888;23,6
2975;45,8
2976;10,8
2977;10,8
1889;10,8
2978;10,8
1890;21,6
1891;22,2
2979;31
2980;39,1
2981;33,7
2982;6,7
2983;13,5
2984;55,3
2985;83,6
2986;132,8
3359;37,3
1947;8,3
1948;10,6
3364;2,7
3365;12,5
3366;17,8
3367;22,1
3368;33
3369;27,7
3370;16,8
3371;24,1
3372;35,6
3373;33
3374;3
3376;20,8
3377;14,9
3378;3,3
3380;28,1
1958;293
1959;397
1962;165,7
3384;18,5
3385;15,8
1857;23,4
3389;2,3
3466;47,8
3467;65,7
3468;84,7
3802;2483,3
3469;2284,5
3475;1853,1
1966;902,9
1967;1212,6
2987;167,2
2988;192,8
3394;15,2
3395;22,4
3396;33
3398;16,8
3399;17,5
3400;25,1
3401;36,6
3402;50,8
3404;38
3405;38
3406;59,7
3407;0
3408;36,3
3409;25,7
3410;41,9
3411;66
3412;40,6
3413;68,6
5275;0
5729;15376,3
1173;240,7
1174;253,2
1175;292,5
1176;276,1
1177;299,6
1178;341,6
1179;309,4
1180;319,2
1181;355,8
1182;366,7
1183;400
1184;428,4
1185;385,3
1186;405,5
2989;343,2
2990;365,6
3415;151,7
1014;45,3
1015;49,1
1017;53,5
1018;57,3
1019;62,2
1020;66,6
1021;70,9
1022;79,7
1023;88,9
1024;102
1025;125,5
1026;150,1
1027;173,5
2991;195,9
2992;219,9
1031;49,1
1032;54
1033;57,8
1034;62,8
1035;67,1
1036;49
1037;74,8
1038;85,7
1039;94,4
1040;108
1041;131
1042;153,3
1043;178,4
2993;201,4
2994;223,7
1044;53,5
1045;58,9
1046;63,8
1047;69,3
1049;79,1
1050;88,9
2995;101
2996;113
2997;137,5
1051;57,8
1052;62,8
1053;69,8
1054;73,7
1056;86,8
1057;94,4
2998;104,2
2999;120,6
3000;143,5
1016;45,8
1058;50,2
1059;55,7
1060;67,1
1062;74,2
1063;80,2
3001;51,3
3002;57,8
3003;62,2
3004;69,3
3005;83,5
3006;96,6
3007;109,1
3008;129,9
3009;161,5
1084;23,5
1087;25,1
1088;26,7
1089;27,3
1090;31,1
1091;34,9
1092;39,3
1093;41,1
1094;63,4
1095;61,7
1096;85
1097;24
1098;25,6
1099;27,3
1100;30
1101;32,2
1102;37,1
1103;40,4
1104;54,2
1105;44,16
1106;63,3
1107;71,5
1108;33,8
1109;62,4
1110;39,3
1111;42
1112;79,7
1113;88,8
1114;57,3
1115;111,8
1116;133,9
1117;38,7
1118;41,5
1119;43,7
1120;46,9
1121;51,3
1122;97
1123;105,1
1124;119,5
1125;142,1
1127;127
1128;134
1129;125,8
1130;148
1131;183,8
1132;178
1133;171
1134;214
1135;250
1136;112
1137;120
1138;127
1139;135
1140;148
1141;164
1142;178
1143;199
1144;236
3011;463,3
3012;511,9
3013;536,4
3014;633
1146;23,5
1147;26,2
1148;28,9
1149;31,1
1150;36,6
1151;42,6
1152;48
1153;56,8
1154;71,5
1155;85,1
1156;99,9
3015;54,6
3016;62,8
3017;70,9
3018;79,1
3019;95,5
3020;111,9
3021;128,2
3022;152,8
3023;193,7
3024;54,6
3025;62,8
3026;70,9
3027;79,1
3028;95,5
3029;111,9
3030;128,2
3031;152,8
3032;193,7
3066;66,8
1065;92,2
5900;24,17
1066;100,4
1067;107
1068;121,1
1069;135,9
1070;150,6
1071;180,6
1073;114,1
1074;122,8
1075;133,2
1076;151,7
1077;187,7
3033;149
3034;162,1
3035;175,2
3036;188,8
3037;218,3
3038;245
4180;9,7
1079;328,5
1080;387,4
1081;445,3
1082;562,6
3039;137
3040;169,2
3041;201,9
3042;233
3043;296,3
1157;81,3
1158;100,4
1159;117,9
1160;136,4
1161;143,5
1162;161
1163;138,6
1165;92,2
1166;110,2
1167;131
1168;150,6
1169;148,8
1170;166,2
3654;11817,9
3655;15757,2
3656;13520,5
3657;18027,4
3658;15203,1
3659;20270,8
4022;15,4
4023;31,8
4024;44,2
3803;5,6
3804;5,6
3661;7,7
3663;12,8
3664;12,8
3665;19
3805;834,6
3806;976,4
3774;1091,9
3807;360
4189;8,6
5183;10909,5
5494;11924,6
5303;18239,5
5301;19200,5
5184;21122,4
5302;0
